create database atividade1;
use atividade1;
create table ator
( 
	CodAtor varchar(3) primary key,
    	NomeArtistico varchar(40) not null,
    	NomeReal varchar(40) not null,
	Nacionalidade varchar(20) not null,
	Sexo char(1) not null,
	Idade int(2) not null,
	IndicacaoOscar int(2),
	Oscar int(2)
);
create table filme
( 
	CodFilme varchar(3) primary key,
	NomeFilme varchar(40) not null,
	AnoFilme int(4) not null,
	Orçamento Int(15) not null,
	Tempo int(2) not null
);
create table personagem
(
	CodFilme varchar(3) not null,
	CodAtor varchar(3) not null,
	Personagem varchar(40) not null,
	Cache int(15) not null,
    	foreign key(CodFilme) references filme(CodFilme),
	foreign key(CodAtor) references ator(CodAtor)
);

insert into ator values ('a1','Demi Moore','Maria da Silva','USA','F','32','0','0');
insert into ator values('a10', 'Willian Hurt', 'Willian Ernst Hurt', 'USA', 'M', 45, 2, 1);
insert into ator values('a11', 'George Clooney', 'George Costa Smith', 'USA', 'M', 37, 1, 0);
insert into ator values('a12', 'Jennifer Lopez', 'Maria Conchita Lopez', 'México', 'F', 32, 0, 0);
insert into ator values('a13', 'Antony Hopkins', 'Antony Richard Hopcroft', 'USA', 'M', 65, 6, 3);
insert into ator values('a14', 'Antônio Banderas', 'Antônio Augusto Banderas', 'Espanha', 'M', 34, 0, 0);
insert into ator values('a15', 'Tom Hanks', 'Antony Hanks', 'USA', 'M', 45, 1, 1);
insert into ator values('a16', 'Matt Damon', 'Mattew Louis Damon', 'USA', 'M', 32, 1, 1);
insert into ator values('a17', 'Jim Carrey', 'James Carrey', 'USA', 'M', 40, 0, 0);
insert into ator values('a18', 'Nicole Kidman', 'Susan West', 'Austrália', 'F', 33, 0, 0);
insert into ator values('a19', 'Val Kilmer', 'Valerio Soza Kilmer', 'Porto Rico', 'M', 40, 0, 0);
insert into ator values('a2', 'Brad Pitt', 'João Paulo', 'USA', 'M', 28, 1, 0);
insert into ator values('a20', 'Cameron Diaz', 'Esperanza Diaz', 'Costa Rica', 'F', 29, 0, 0);
insert into ator values('a21', 'Holly Hunter', 'Susan Richards', 'USA', 'F', 33, 1, 1);
insert into ator values('a22', 'Richard Gere', 'Richard Gere', 'USA', 'M', 34, 0, 0);
insert into ator values('a3', 'Jessica Lange', 'Jessica Lange', 'USA', 'F', 42, 4, 2);
insert into ator values('a4', 'Dustin Hoffman', 'Dustin Hoffman', 'USA', 'M', 36, 2, 0);
insert into ator values('a5', 'Sônia Braga', 'Sônia Braga', 'Brasil', 'F', 45, 0, 0);
insert into ator values('a6', 'Samuel Jackson', 'Samuel L. Jackson', 'USA', 'M', 60, 0, 0);
insert into ator values('a7', 'Sandra Bullock', 'Sandra Bullock', 'USA', 'F', 30, 2, 0);
insert into ator values('a8', 'Harry Cornick Jr.', 'Harry Cornick Jr.', 'USA', 'M', 40, 0, 0);
insert into ator values('a9', 'Wesley Snipes', 'Wesley Snipes', 'USA', 'M', 31, 1, 0);

insert into filme values('f1', 'A Jurada', 1996, 1000000, 18);
insert into filme values('f10', 'Cidade das Sombras', 1997, 10000000, 7);
insert into filme values('f11', 'Irresistível Paixão', 1998, 10000000, 10);
insert into filme values('f12', 'A Máscara do Zorro', 1998, 11000000, 11);
insert into filme values('f13', 'Quem vai ficar com Marry ?', 1997, 6000000, 8);
insert into filme values('f14', 'O Resgate do Soldado Ryan', 1997, 10000000, 7);
insert into filme values('f15', 'O Show de Truman', 1998, 10000000, 14);
insert into filme values('f16', 'Batman, o Filme', 1995, 10000000, 9);
insert into filme values('f17', 'Filadélfia', 1996, 10000000, 6);
insert into filme values('f18', 'O Máscara', 1995, 6000000, 7);
insert into filme values('f19', 'O Beijo da Mulher Aranha', 1990, 8000000, 24);
insert into filme values('f2', 'A Letra Escarlate', 1995, 10000000, 24);
insert into filme values('f20', 'O Pacificador', 1997, 10000000, 15);
insert into filme values('f21', 'Ace Ventura', 1995, 7000000, 12);
insert into filme values('f22', 'Chaplin', 1993, 8000000, 14);
insert into filme values('f23', 'Batman e Robin', 1997, 10000000, 20);
insert into filme values('f24', 'Strip Tease', 1996, 7000000, 12);
insert into filme values('f25', 'Passageiro 57', 1993, 200000000, 15);
insert into filme values('f26', 'Forrest Gump', 1996, 90000000, 15);
insert into filme values('f3', 'Seven', 1995, 15000000, 20);
insert into filme values('f4', 'Tootsie', 1982, 5000000, 16);
insert into filme values('f5', 'Tieta', 1995, 2000000, 18);
insert into filme values('f6', 'Código de Violência', 1997, 10000000, 15);
insert into filme values('f7', 'Quando o Amor Acontece', 1998, 5000000, 12);
insert into filme values('f8', 'A Vingança de Bette', 1998, 10000000, 9);
insert into filme values('f9', 'Blade, o Caçador de Vampiros', 1998, 100000000, 18);

insert into personagem values('f1', 'a1', 'Mary', 30000);
insert into personagem values('f10', 'a10', 'Columbo', 3000000);
insert into personagem values('f11', 'a11', 'Johnny', 8000000);
insert into personagem values('f11', 'a12', 'Holly', 1000000);
insert into personagem values('f12', 'a13', 'Diego', 5000000);
insert into personagem values('f12', 'a14', 'Pancho', 8000000);
insert into personagem values('f13', 'a16', 'Roger', 4000000);
insert into personagem values('f13', 'a20', 'Mary', 5000000);
insert into personagem values('f14', 'a15', 'Roberts', 10000000);
insert into personagem values('f14', 'a16', 'Edward', 2000000);
insert into personagem values('f15', 'a17', 'Truman', 12000000);
insert into personagem values('f16', 'a17', 'Charade', 5000000);
insert into personagem values('f16', 'a18', 'Betty', 7000000);
insert into personagem values('f16', 'a19', 'Bruce', 8000000);
insert into personagem values('f17', 'a14', 'Bobby', 4000000);
insert into personagem values('f17', 'a15', 'Bill', 6000000);
insert into personagem values('f18', 'a17', 'Mascara', 10000000);
insert into personagem values('f18', 'a21', 'Sammy', 2000000);
insert into personagem values('f19', 'a10', 'Molina', 2000000);
insert into personagem values('f19', 'a5', 'Aranha', 80000);
insert into personagem values('f2', 'a1', 'Sandy', 50000);
insert into personagem values('f20', 'a11', 'George', 14000000);
insert into personagem values('f20', 'a18', 'Mary', 5000000);
insert into personagem values('f21', 'a17', 'Ace', 6000000);
insert into personagem values('f21', 'a21', 'Lola', 1000000);
insert into personagem values('f22', 'a8', 'Chaplin', 3000000);
insert into personagem values('f23', 'a11', 'Bruce', 10000000);
insert into personagem values('f24', 'a1', 'Annie', 18000000);
insert into personagem values('f25', 'a9', 'James', 14000000);
insert into personagem values('f26', 'a15', 'Forrest', 20000000);
insert into personagem values('f3', 'a2', 'John', 50000);
insert into personagem values('f4', 'a3', 'Mary', 1000000);
insert into personagem values('f4', 'a4', 'Tootsie', 2000000);
insert into personagem values('f5', 'a10', 'Nacib', 2500000);
insert into personagem values('f5', 'a5', 'Tieta', 50000);
insert into personagem values('f6', 'a6', 'Robinson', 3000000);
insert into personagem values('f7', 'a7', 'Suzy', 3000000);
insert into personagem values('f7', 'a8', 'Bill', 5000000);
insert into personagem values('f8', 'a3', 'Bette', 3000000);
insert into personagem values('f9', 'a9', 'Blade', 100000000);
